Time;Image file path;Temp;Humidity;AC Voltage;AC Frequency;DC Voltage;T0;V0
16-18-35_240;C:\Projects\BioSIM\src\LabVIEW\BioSIM\Data\_27\images\16-18-35_240.PNG;-1.3416271978732652;0.0000000000000000;0.0000000000000000;0.0000000000000000;0.0000000000000000;100.0000000000000000;0.0000000000000000;-274.4916271978732420;-103.8284186121581460;21.7540110983607562;NaN;11.8845255306080304;11.8798182535063184;2.4540917547995900;11.9922135467656581
16-18-39_657;C:\Projects\BioSIM\src\LabVIEW\BioSIM\Data\_27\images\16-18-39_657.PNG;-1.3412960774199405;0.0000000000000000;0.0000000000000000;0.0000000000000000;0.0000000000000000;100.0000000000000000;0.0000000000000000;-274.4912960774199180;-104.5391480023216960;21.7454430854390708;NaN;11.8841589620208126;11.8798620629228395;2.4547542604657568;11.9920383090995735
16-18-44_208;C:\Projects\BioSIM\src\LabVIEW\BioSIM\Data\_27\images\16-18-44_208.PNG;-1.3408269453861976;0.0000000000000000;0.0000000000000000;0.0000000000000000;0.0000000000000000;100.0000000000000000;0.0000000000000000;-274.4908269453861750;-104.0085444294308270;21.7499971751160821;NaN;11.8836395075106331;11.8790404128456366;2.4542500051409011;11.9913704390150571
