Time;Image file path;Temp;Humidity;AC Voltage;AC Frequency;DC Voltage;T3;V3
17-49-05_954;C:\Projects\BioSIM\src\LabVIEW\BioSIM\Data\System Test_5\images\17-49-05_954.PNG;NaN;0.0000000000000000;0.0000000000000000;100.0000000000000000;0.0000000000000000;NaN;-4.1550734842081791;NaN;NaN;-0.0001752376660846;-0.0000779628800132;0.0000540018113853;-0.0002499818950881
