Time;Image file path;Temp;Humidity;AC Voltage;AC Frequency;DC Voltage;T0;V0
17-19-07_390;C:\Projects\BioSIM\src\LabVIEW\BioSIM\Data\_24\images\17-19-07_390.PNG;-1.5858955313836418;0.0000000000000000;869.9999999999999990;179.0000000000000000;297.0000000000000000;-274.7358955313836190;NaN;NaN;NaN;0.0000232458128480;-0.0001081824367155;-0.0000697374385439;-0.0000384449981716
17-19-11_552;C:\Projects\BioSIM\src\LabVIEW\BioSIM\Data\_24\images\17-19-11_552.PNG;NaN;0.0000000000000000;869.9999999999999990;179.0000000000000000;297.0000000000000000;NaN;NaN;NaN;NaN;-0.0001028180183660;0.0000241398825729;-0.0001081824367155;-0.0004416704441113
17-19-15_850;C:\Projects\BioSIM\src\LabVIEW\BioSIM\Data\_24\images\17-19-15_850.PNG;-1.5856261672343521;0.0000000000000000;869.9999999999999990;179.0000000000000000;297.0000000000000000;-274.7356261672343290;NaN;NaN;-28.0712460419531844;0.0002691149872014;-0.0002056360367320;-0.0002279877798550;0.0002029538275572
17-19-20_027;C:\Projects\BioSIM\src\LabVIEW\BioSIM\Data\_24\images\17-19-20_027.PNG;NaN;0.0000000000000000;869.9999999999999990;179.0000000000000000;297.0000000000000000;NaN;NaN;NaN;NaN;-0.0000679492990940;0.0001224875523143;0.0000008940697249;-0.0000903010422171
17-19-24_190;C:\Projects\BioSIM\src\LabVIEW\BioSIM\Data\_24\images\17-19-24_190.PNG;-1.5857652535617035;0.0000000000000000;869.9999999999999990;179.0000000000000000;297.0000000000000000;-274.7357652535616800;NaN;NaN;NaN;0.0001421570862625;-0.0001063942972657;-0.0000178813944984;-0.0001850724330588
17-19-28_354;C:\Projects\BioSIM\src\LabVIEW\BioSIM\Data\_24\images\17-19-28_354.PNG;-1.5859141430400427;0.0000000000000000;869.9999999999999990;179.0000000000000000;297.0000000000000000;-274.7359141430400200;NaN;NaN;NaN;0.0000062584880745;-0.0001788139449843;0.0000992417394663;-0.0000581145321199
