Time;Image file path;Temp;Humidity;AC Voltage;AC Frequency;DC Voltage;T0;V0
17-02-29_328;C:\Projects\BioSIM\src\LabVIEW\BioSIM\Data\_30\images\17-02-29_328.PNG;-1.3411773714049673;20.5399999999999991;-4.7699999999999996;17.7199999999999989;0.0000000000000000;100.0000000000000000;0.0000000000000000;-274.4911773714049440;-103.8006742097207390;21.4901725850755376;NaN;11.8840275337712491;11.8793041634144885;2.4768833802272905;11.9916449184206080
