Time;Image file path;Temp;Humidity;AC Voltage;AC Frequency;DC Voltage;T0;V0
17-20-20_803;C:\Projects\BioSIM\src\LabVIEW\BioSIM\Data\_25\images\17-20-20_803.PNG;-1.5856202905130203;0.0000000000000000;869.9999999999999990;179.0000000000000000;297.0000000000000000;-274.7356202905129970;NaN;NaN;NaN;0.0002744794055509;0.0003004074275736;-0.0003808737028166;-0.0002235174312304
17-20-24_968;C:\Projects\BioSIM\src\LabVIEW\BioSIM\Data\_25\images\17-20-24_968.PNG;NaN;0.0000000000000000;869.9999999999999990;179.0000000000000000;297.0000000000000000;NaN;NaN;NaN;NaN;-0.0000742077871685;0.0002843141725251;0.0003093481248229;0.0000965595302915
17-20-29_263;C:\Projects\BioSIM\src\LabVIEW\BioSIM\Data\_25\images\17-20-29_263.PNG;-1.5856722020165535;0.0000000000000000;869.9999999999999990;179.0000000000000000;297.0000000000000000;-274.7356722020165300;-29.3186802738635492;19.4404018459683243;6.8356606248860396;0.0002270937101301;0.0001743435963597;0.0000473856954208;0.0000724196477186
17-20-33_433;C:\Projects\BioSIM\src\LabVIEW\BioSIM\Data\_25\images\17-20-33_433.PNG;NaN;0.0000000000000000;869.9999999999999990;179.0000000000000000;297.0000000000000000;NaN;NaN;23.2389844747207732;NaN;-0.0001171231339647;0.0001180172036896;-0.0000214576733981;0.0000572204623950
